name,size,color,unit_price,barcode,product_code
Compression Training Shrug,XS,Black,7.50,888562318883,Z1T02484 : Z1T02484-XS-BLCK
The Dance Floor Is Calling Long Sleeve Tee,S,Wear It Out White,10.00,888562347258,Z3T000015 : Z3T000015-S-WEOW
Zumba XO High Waisted Biker Shorts,XS,Fire Red,13.00,888562364682,Z1B000139 : Z1B000139-XS-FIRR
Zumba Dance Worldwide Bra,M,Multi,13.00,888562348361,Z1T000030 : Z1T000030-M-MULT
Zumba Dance Worldwide Bra,S,Multi,13.00,888562348354,Z1T000030 : Z1T000030-S-MULT
Zumba Love Sweatshirt,XS,Fire Red,15.00,888562348583,Z1T000035 : Z1T000035-XS-FIRR
Zumba XO Racerback Bra,S,Fire Red,7.50,888562364637,Z1T000215 : Z1T000215-S-FIRR
Zumba XO Racerback Bra,XS,Fire Red,7.50,888562364620,Z1T000215 : Z1T000215-XS-FIRR
Zumba Love Long Sleeve Tee,S,Orchid,13.00,888562349108,Z3T000026 : Z3T000026-S-ORCH
Zumba Love Long Sleeve Tee,XS,Orchid,13.00,888562349092,Z3T000026 : Z3T000026-XS-ORCH
Zumba Dance Co. Ankle Leggings,M,Caution,25.00,888562353839,Z1B000025 : Z1B000025-M-CTIN
Zumba Dance Co. Ankle Leggings,S,Caution,15.00,888562353822,Z1B000025 : Z1B000025-S-CTIN
Zumba Dance Co. Ankle Leggings,XS,Caution,7.50,888562353815,Z1B000025 : Z1B000025-XS-CTIN
Zumba Worldwide Tie-Dye Bra,S,Bold Black,7.50,888562351668,Z1T000036 : Z1T000036-S-BBLK
Zumba Worldwide Tie-Dye Bra,S,Night Sky,7.50,888562351606,Z1T000036 : Z1T000036-S-NSKY
Zumba Worldwide Tie-Dye Bra,XS,Bold Black,7.50,888562351651,Z1T000036 : Z1T000036-XS-BBLK
Zumba Worldwide Tie-Dye Bra,XS,Night Sky,7.50,888562351590,Z1T000036 : Z1T000036-XS-NSKY
Zumba Dance Co. Bra,M,Beige,15.00,888562351736,Z1T000037 : Z1T000037-M-BEIG
Zumba Dance Co. Bra,S,Beige,13.00,888562351729,Z1T000037 : Z1T000037-S-BEIG
Zumba Dance Co. Bra,XS,Beige,15.00,888562351712,Z1T000037 : Z1T000037-XS-BEIG
Dancing On Sunshine Crop Racerback,L,Espresso,7.50,888562351989,Z1T000057 : Z1T000057-L-ESPR
Dancing On Sunshine Crop Racerback,M,Espresso,7.50,888562351972,Z1T000057 : Z1T000057-M-ESPR
Strong ID Long Sleeve Crop Pullover,XS,Sand,15.00,888562350326,S1T000015 : S1T000015-XS-SAND
Zumba Mesh Crop Tank,XS,Bold Black,13.00,888562358117,Z1T000069 : Z1T000069-XS-BBLK
Step Into Happy Bra,S,Wear It Out White,10.00,888562363852,Z1T000182 : Z1T000182-S-WEOW
Zumba Futuristic Bra,S,Bold Black,20.00,888562368314,Z1T000090 : Z1T000090-S-BBLK
Zumba Muy Caliente High Waisted Ankle Leggings,S,Totally Turquoise,25.00,888562372854,Z1B000101 : Z1B000101-S-TOTU
Zumba Muy Caliente High Waisted Ankle Leggings,XS,Totally Turquoise,25.00,888562372847,Z1B000101 : Z1B000101-XS-TOTU
Zumba Stand Together Jogger Sweatpants,XS,Sky Blue,20.00,888562381009,Z1B000132 : Z1B000132-XS-SKBL
Zumba Love High Waisted Crop Leggings,XS,Bold Black,20.00,888562385335,Z1B000155 : Z1B000155-XS-BBLK
Zumba Bold High Waisted Ankle Leggings,S,Purple Pop,15.00,888562388190,Z1B000157 : Z1B000157-S-PUPO
Zumba Bold High Waisted Ankle Leggings,XS,Purple Pop,15.00,888562388183,Z1B000157 : Z1B000157-XS-PUPO
Zumba High Neck Futuristic Crop Pullover,XS,Iridescent,30.00,888562369267,Z1T000102 : Z1T000102-XS-IRDC
Zumba Reversible Core Bra,S,Purple Pop,13.00,888562368161,Z1T000147 : Z1T000147-S-PUPO
Zumba Core Crop Tank,XS,Brick Red,7.50,888562368055,Z1T000148 : Z1T000148-XS-BKRE
Zumba Futuristic Crop Tank,XS,Bold Black,15.00,888562370539,Z1T000183 : Z1T000183-XS-BBLK
Zumba Futuristic Crop Tank,XS,Orchid,10.00,888562370591,Z1T000183 : Z1T000183-XS-ORCH
Zumba Stand Together Scoop Bra,S,Bold Black,13.00,888562377491,Z1T000184 : Z1T000184-S-BBLK
Zumba Prep Crop Bra Tank,S,Purple Power,15.00,888562377798,Z1T000185 : Z1T000185-S-PUPP
Zumba Prep Crop Bra Tank,XS,Bold Black,20.00,888562377729,Z1T000185 : Z1T000185-XS-BBLK
Zumba Prep Crop Bra Tank,XS,Purple Power,13.00,888562377781,Z1T000185 : Z1T000185-XS-PUPP
Zumba Dance Crew Bra,S,Brick Red,20.00,888562377378,Z1T000187 : Z1T000187-S-BKRE
Zumba Happy High Neck Bra,S,Fire Red,15.00,888562383485,Z1T000230 : Z1T000230-S-FIRR
Zumba Happy Twisted Front Bra,M,Purple Pop,13.00,888562388084,Z1T000231 : Z1T000231-M-PUPO
Zumba Happy Twisted Front Bra,S,Purple Pop,15.00,888562388077,Z1T000231 : Z1T000231-S-PUPO
Zumba Happy Twisted Front Bra,XS,Purple Pop,15.00,888562388060,Z1T000231 : Z1T000231-XS-PUPO
Zumba Energy Scoop Bra,S,Orange Marmalade,20.00,888562376234,Z1T000250 : Z1T000250-S-ORMA
Zumba Energy Scoop Bra,XS,Bold Black,20.00,888562376289,Z1T000250 : Z1T000250-XS-BBLK
Zumba Energy Scoop Bra,XS,Orange Marmalade,20.00,888562376227,Z1T000250 : Z1T000250-XS-ORMA
Zumba Bold Pullover Jacket,S,Dried Moss,13.00,888562386127,Z1T000269 : Z1T000269-S-DRMO
Zumba Dance Together Crop Tank,S,Red Hot,15.00,888562390131,Z1T000358 : Z1T000358-S-REHO
Zumba Dance Together Crop Tank,XS,Red Hot,10.00,888562390124,Z1T000358 : Z1T000358-XS-REHO
Zumba Wear Pullover Hoodie,S,Multi,25.00,888562342307,Z1T02677 : Z1T02677-S-MULT
Zumba Music Lab Joggers,S,Multi,25.00,888562373820,Z2B000011 : Z2B000011-S-MULT
Zumba Music Lab Joggers,XS,Multi,25.00,888562373813,Z2B000011 : Z2B000011-XS-MULT
Zumba Dance As One Shorts,XS,Bold Black,7.50,888562380392,Z2B000013 : Z2B000013-XS-BBLK
Zumba Happy Mesh Basketball Shorts,S,Wear It Out White,13.00,888562386752,Z2B000016 : Z2B000016-S-WEOW
Zumba Dance Together Long Sleeve Tee,M,Golden Ticket,13.00,888562380200,Z3T000081 : Z3T000081-M-GOTI
Zumba Dance Together Long Sleeve Tee,S,Golden Ticket,10.00,888562380194,Z3T000081 : Z3T000081-S-GOTI
Strong Way Of Life High Waisted Shorts,L,Dark Charcoal,13.00,888562399998,S1B000012 : S1B000012-L-DARC
Strong Way Of Life High Waisted Shorts,M,Dark Charcoal,20.00,888562399981,S1B000012 : S1B000012-M-DARC
Strong Way Of Life High Waisted Shorts,S,Dark Charcoal,20.00,888562399974,S1B000012 : S1B000012-S-DARC
Strong Way Of Life High Waisted Shorts,XL,Dark Charcoal,15.00,888562400007,S1B000012 : S1B000012-XL-DARC
Strong Way Of Life High Waisted Shorts,XS,Dark Charcoal,15.00,888562399967,S1B000012 : S1B000012-XS-DARC
Bring Your Power High Waisted Crop Leggings,L,Mango,20.00,888562400052,S1B000015 : S1B000015-L-MNGO
Bring Your Power High Waisted Crop Leggings,M,Mango,20.00,888562400045,S1B000015 : S1B000015-M-MNGO
Bring Your Power High Waisted Crop Leggings,S,Mango,25.00,888562400038,S1B000015 : S1B000015-S-MNGO
Bring Your Power High Waisted Crop Leggings,XL,Mango,20.00,888562400069,S1B000015 : S1B000015-XL-MNGO
Bring Your Power High Waisted Crop Leggings,XS,Mango,20.00,888562400021,S1B000015 : S1B000015-XS-MNGO
Strong Everyday High Waisted Ankle Leggings,L,Dark Charcoal,35.00,888562400175,S1B000016 : S1B000016-L-DARC
Strong Everyday High Waisted Ankle Leggings,L,Stone,15.00,888562400113,S1B000016 : S1B000016-L-STON
Strong Everyday High Waisted Ankle Leggings,M,Dark Charcoal,35.00,888562400168,S1B000016 : S1B000016-M-DARC
Strong Everyday High Waisted Ankle Leggings,M,Stone,15.00,888562400106,S1B000016 : S1B000016-M-STON
Strong Everyday High Waisted Ankle Leggings,S,Dark Charcoal,35.00,888562400151,S1B000016 : S1B000016-S-DARC
Strong Everyday High Waisted Ankle Leggings,S,Stone,15.00,888562400090,S1B000016 : S1B000016-S-STON
Strong Everyday High Waisted Ankle Leggings,XL,Dark Charcoal,35.00,888562400182,S1B000016 : S1B000016-XL-DARC
Strong Everyday High Waisted Ankle Leggings,XL,Stone,15.00,888562400120,S1B000016 : S1B000016-XL-STON
Strong Everyday High Waisted Ankle Leggings,XS,Dark Charcoal,35.00,888562400144,S1B000016 : S1B000016-XS-DARC
Strong Everyday High Waisted Ankle Leggings,XS,Stone,25.00,888562400083,S1B000016 : S1B000016-XS-STON
Strong Everyday High Waisted Ankle Leggings,XXL,Stone,35.00,888562400137,S1B000016 : S1B000016-XXL-STON
Bring Your Power Bodysuit,L,Dark Charcoal,25.00,888562400298,S1B000019 : S1B000019-L-DARC
Bring Your Power Bodysuit,M,Dark Charcoal,25.00,888562400281,S1B000019 : S1B000019-M-DARC
Bring Your Power Bodysuit,S,Dark Charcoal,25.00,888562400274,S1B000019 : S1B000019-S-DARC
Bring Your Power Bodysuit,XS,Dark Charcoal,20.00,888562400267,S1B000019 : S1B000019-XS-DARC
Strong Everyday High Neck Bra,L,Dark Charcoal,20.00,888562399707,S1T000022 : S1T000022-L-DARC
Strong Everyday High Neck Bra,L,Stone,15.00,888562399646,S1T000022 : S1T000022-L-STON
Strong Everyday High Neck Bra,M,Dark Charcoal,15.00,888562399691,S1T000022 : S1T000022-M-DARC
Strong Everyday High Neck Bra,M,Stone,15.00,888562399639,S1T000022 : S1T000022-M-STON
Strong Everyday High Neck Bra,S,Dark Charcoal,15.00,888562399684,S1T000022 : S1T000022-S-DARC
Strong Everyday High Neck Bra,S,Stone,15.00,888562399622,S1T000022 : S1T000022-S-STON
Strong Everyday High Neck Bra,XL,Dark Charcoal,20.00,888562399714,S1T000022 : S1T000022-XL-DARC
Strong Everyday High Neck Bra,XL,Stone,15.00,888562399653,S1T000022 : S1T000022-XL-STON
Strong Everyday High Neck Bra,XS,Dark Charcoal,15.00,888562399677,S1T000022 : S1T000022-XS-DARC
Strong Everyday High Neck Bra,XS,Stone,15.00,888562399615,S1T000022 : S1T000022-XS-STON
Strong Everyday High Neck Bra,XXL,Stone,15.00,888562399660,S1T000022 : S1T000022-XXL-STON
Bring Your Power Crop Tank,L,Mango,15.00,888562399769,S1T000024 : S1T000024-L-MNGO
Bring Your Power Crop Tank,M,Mango,20.00,888562399752,S1T000024 : S1T000024-M-MNGO
Bring Your Power Crop Tank,S,Mango,15.00,888562399745,S1T000024 : S1T000024-S-MNGO
Bring Your Power Crop Tank,XL,Mango,10.00,888562399776,S1T000024 : S1T000024-XL-MNGO
Bring Your Power Crop Tank,XS,Mango,15.00,888562399738,S1T000024 : S1T000024-XS-MNGO
Bring Your Power Crop Tank,XXL,Mango,15.00,888562399783,S1T000024 : S1T000024-XXL-MNGO
Bring Your Power Zip-Up Hoodie,L,Stone,30.00,888562399585,S1T000032 : S1T000032-L-STON
Bring Your Power Zip-Up Hoodie,M,Stone,35.00,888562399578,S1T000032 : S1T000032-M-STON
Bring Your Power Zip-Up Hoodie,S,Stone,25.00,888562399561,S1T000032 : S1T000032-S-STON
Bring Your Power Zip-Up Hoodie,XL,Stone,30.00,888562399592,S1T000032 : S1T000032-XL-STON
Bring Your Power Zip-Up Hoodie,XS,Stone,30.00,888562399554,S1T000032 : S1T000032-XS-STON
Bring Your Power Zip-Up Hoodie,XXL,Stone,30.00,888562399608,S1T000032 : S1T000032-XXL-STON
Strong Way Of Life Tank,L,Dark Charcoal,15.00,888562400748,S1T000034 : S1T000034-L-DARC
Strong Way Of Life Tank,M,Dark Charcoal,20.00,888562400731,S1T000034 : S1T000034-M-DARC
Strong Way Of Life Tank,S,Dark Charcoal,15.00,888562400724,S1T000034 : S1T000034-S-DARC
Strong Way Of Life Tank,XL,Dark Charcoal,15.00,888562400755,S1T000034 : S1T000034-XL-DARC
Strong Way Of Life Tank,XXL,Dark Charcoal,15.00,888562400762,S1T000034 : S1T000034-XXL-DARC
Strong Everyday Shorts,L,Dark Charcoal,13.00,888562400526,S2B000005 : S2B000005-L-DARC
Strong Everyday Shorts,M,Dark Charcoal,13.00,888562400519,S2B000005 : S2B000005-M-DARC
Strong Everyday Shorts,S,Dark Charcoal,15.00,888562400502,S2B000005 : S2B000005-S-DARC
Strong Everyday Shorts,XL,Dark Charcoal,13.00,888562400533,S2B000005 : S2B000005-XL-DARC
Strong Everyday Shorts,XS,Dark Charcoal,13.00,888562400496,S2B000005 : S2B000005-XS-DARC
Bring Your Power Mesh Shorts,L,Deep Denim,10.00,888562400571,S2B000006 : S2B000006-L-DEDE
Bring Your Power Mesh Shorts,M,Deep Denim,10.00,888562400564,S2B000006 : S2B000006-M-DEDE
Bring Your Power Mesh Shorts,S,Deep Denim,10.00,888562400557,S2B000006 : S2B000006-S-DEDE
Bring Your Power Mesh Shorts,XL,Deep Denim,10.00,888562400588,S2B000006 : S2B000006-XL-DEDE
Bring Your Power Mesh Shorts,XS,Deep Denim,10.00,888562400540,S2B000006 : S2B000006-XS-DEDE
Strong Everyday Tank,L,Deep Denim,13.00,888562400380,S2T000006 : S2T000006-L-DEDE
Strong Everyday Tank,M,Deep Denim,13.00,888562400373,S2T000006 : S2T000006-M-DEDE
Strong Everyday Tank,M,Dark Charcoal,15.00,888562403329,S2T000008 : S2T000008-M-DARC
Strong Way Of Life Tee,M/L,Stone,15.00,888562400335,S3T000002 : S3T000002-M/L-STON
Strong Way Of Life Tee,XL/XXL,Stone,10.00,888562400342,S3T000002 : S3T000002-XL/XXL-STON
Zumba Forever Loose Shorts,L,Periwinkle,15.00,888562392449,Z1B000179 : Z1B000179-L-PERI
Zumba Forever Loose Shorts,M,Periwinkle,10.00,888562392432,Z1B000179 : Z1B000179-M-PERI
Zumba Forever Loose Shorts,S,Periwinkle,15.00,888562392425,Z1B000179 : Z1B000179-S-PERI
Zumba Forever Loose Shorts,XL,Periwinkle,13.00,888562392456,Z1B000179 : Z1B000179-XL-PERI
Zumba Forever Loose Shorts,XS,Periwinkle,20.00,888562392418,Z1B000179 : Z1B000179-XS-PERI
Zumba Forever Loose Shorts,XXL,Periwinkle,10.00,888562392463,Z1B000179 : Z1B000179-XXL-PERI
Zumba Forever High Waisted Biker Shorts,L,Bold Black,25.00,888562394061,Z1B000185 : Z1B000185-L-BBLK
Zumba Forever High Waisted Biker Shorts,M,Bold Black,25.00,888562394054,Z1B000185 : Z1B000185-M-BBLK
Zumba Forever High Waisted Biker Shorts,S,Bold Black,25.00,888562394047,Z1B000185 : Z1B000185-S-BBLK
Zumba Forever High Waisted Biker Shorts,XS,Bold Black,25.00,888562394030,Z1B000185 : Z1B000185-XS-BBLK
Zumba Forever Laced Up High Waisted Ankle Leggings,XS,Bold Black,25.00,888562394092,Z1B000186 : Z1B000186-XS-BBLK
Zumba Forever High Waisted Ankle Leggings,L,Shocking Pink,30.00,888562394306,Z1B000188 : Z1B000188-L-SHKP
Zumba Forever High Waisted Ankle Leggings,M,Shocking Pink,35.00,888562394290,Z1B000188 : Z1B000188-M-SHKP
Zumba Forever High Waisted Ankle Leggings,S,Shocking Pink,35.00,888562394283,Z1B000188 : Z1B000188-S-SHKP
Zumba Forever High Waisted Ankle Leggings,XL,Shocking Pink,30.00,888562394313,Z1B000188 : Z1B000188-XL-SHKP
Zumba Forever High Waisted Ankle Leggings,XS,Shocking Pink,30.00,888562394276,Z1B000188 : Z1B000188-XS-SHKP
Zumba Forever Panel Track Pants,XL,Cherry Red,40.00,888562394498,Z1B000190 : Z1B000190-XL-CHRE
Zumba Lovin' Shorts,L,Bold Black,15.00,888562396102,Z1B000197 : Z1B000197-L-BBLK
Zumba Lovin' Shorts,M,Bold Black,13.00,888562396096,Z1B000197 : Z1B000197-M-BBLK
Zumba Lovin' Shorts,S,Bold Black,20.00,888562396089,Z1B000197 : Z1B000197-S-BBLK
Zumba Lovin' Shorts,XL,Bold Black,13.00,888562396119,Z1B000197 : Z1B000197-XL-BBLK
Zumba Lovin' Shorts,XS,Bold Black,13.00,888562396072,Z1B000197 : Z1B000197-XS-BBLK
Zumba Lovin' Shorts,XXL,Bold Black,10.00,888562396126,Z1B000197 : Z1B000197-XXL-BBLK
Zumba Lovin' Knit Cargo Pant,S,Golden Sunset,25.00,888562396201,Z1B000199 : Z1B000199-S-GSUN
Zumba Tropics Flowy Shorts,L,Groovin' Green,20.00,888562398250,Z1B000203 : Z1B000203-L-GOGR
Zumba Tropics Flowy Shorts,M,Groovin' Green,15.00,888562398243,Z1B000203 : Z1B000203-M-GOGR
Zumba Tropics Flowy Shorts,S,Groovin' Green,25.00,888562398236,Z1B000203 : Z1B000203-S-GOGR
Zumba Tropics Flowy Shorts,XL,Groovin' Green,15.00,888562398267,Z1B000203 : Z1B000203-XL-GOGR
Zumba Tropics Flowy Shorts,XS,Groovin' Green,20.00,888562398229,Z1B000203 : Z1B000203-XS-GOGR
Zumba Tropics Flowy Shorts,XXL,Groovin' Green,20.00,888562398274,Z1B000203 : Z1B000203-XXL-GOGR
Zumba Tropics Loose Shorts,L,Bold Black,20.00,888562398311,Z1B000204 : Z1B000204-L-BBLK
Zumba Tropics Loose Shorts,M,Bold Black,25.00,888562398304,Z1B000204 : Z1B000204-M-BBLK
Zumba Tropics Loose Shorts,S,Bold Black,25.00,888562398298,Z1B000204 : Z1B000204-S-BBLK
Zumba Tropics Loose Shorts,XL,Bold Black,20.00,888562398328,Z1B000204 : Z1B000204-XL-BBLK
Zumba Tropics Loose Shorts,XXL,Bold Black,20.00,888562398335,Z1B000204 : Z1B000204-XXL-BBLK
Destination Zumba Crop Leggings,S,Groovin' Green,25.00,888562399325,Z1B000205 : Z1B000205-S-GOGR
Destination Zumba Crop Leggings,XS,Sea Me Stuntin',25.00,888562399257,Z1B000205 : Z1B000205-XS-SEAS
Destination Zumba Ankle Leggings,S,Bold Black,20.00,888562398359,Z1B000206 : Z1B000206-S-BBLK
Destination Zumba Mesh Panel Ankle Leggings,M,Bold Black,35.00,888562398427,Z1B000207 : Z1B000207-M-BBLK
Destination Zumba Mesh Panel Ankle Leggings,S,Bold Black,30.00,888562398410,Z1B000207 : Z1B000207-S-BBLK
Destination Zumba Mesh Panel Ankle Leggings,XL,Bold Black,30.00,888562398441,Z1B000207 : Z1B000207-XL-BBLK
Destination Zumba Mesh Panel Ankle Leggings,XS,Bold Black,30.00,888562398403,Z1B000207 : Z1B000207-XS-BBLK
Zumba Tropics High Waisted Ankle Leggings,L,Groovin' Green,30.00,888562398618,Z1B000208 : Z1B000208-L-GOGR
Zumba Tropics High Waisted Ankle Leggings,M,Groovin' Green,30.00,888562398601,Z1B000208 : Z1B000208-M-GOGR
Zumba Tropics High Waisted Ankle Leggings,S,Groovin' Green,30.00,888562398595,Z1B000208 : Z1B000208-S-GOGR
Zumba Tropics High Waisted Ankle Leggings,XL,Groovin' Green,30.00,888562398625,Z1B000208 : Z1B000208-XL-GOGR
Zumba Tropics High Waisted Ankle Leggings,XS,Groovin' Green,30.00,888562398588,Z1B000208 : Z1B000208-XS-GOGR
Zumba Summer High Waisted Ankle Leggings,M,Wear It Out White,35.00,888562398489,Z1B000209 : Z1B000209-M-WEOW
Zumba Summer High Waisted Ankle Leggings,S,Wear It Out White,35.00,888562398472,Z1B000209 : Z1B000209-S-WEOW
Zumba Summer High Waisted Ankle Leggings,XL,Wear It Out White,30.00,888562398502,Z1B000209 : Z1B000209-XL-WEOW
Zumba Summer High Waisted Ankle Leggings,XS,Wear It Out White,30.00,888562398465,Z1B000209 : Z1B000209-XS-WEOW
Zumba High Waisted Loose Shorts,XL,Sea Me Stuntin',15.00,888562405002,Z1B000212 : Z1B000212-XL-SEAS
Zumba Happy Laced Up Waistband Biker Shorts,L,Bold Black,25.00,888562405057,Z1B000213 : Z1B000213-L-BBLK
Zumba Happy Laced Up Waistband Biker Shorts,M,Bold Black,25.00,888562405040,Z1B000213 : Z1B000213-M-BBLK
Zumba Happy Laced Up Waistband Biker Shorts,S,Bold Black,25.00,888562405033,Z1B000213 : Z1B000213-S-BBLK
Zumba Happy Laced Up Waistband Biker Shorts,XL,Bold Black,25.00,888562405064,Z1B000213 : Z1B000213-XL-BBLK
Zumba Happy Laced Up Waistband Biker Shorts,XS,Bold Black,20.00,888562405026,Z1B000213 : Z1B000213-XS-BBLK
Zumba Move Pleated Skort,L,Army Green,30.00,888562407372,Z1B000225 : Z1B000225-L-ARGR
Zumba Move Pleated Skort,M,Army Green,25.00,888562407365,Z1B000225 : Z1B000225-M-ARGR
Zumba Move Pleated Skort,XL,Army Green,25.00,888562407389,Z1B000225 : Z1B000225-XL-ARGR
Zumba Move Pleated Skort,XS,Army Green,25.00,888562407341,Z1B000225 : Z1B000225-XS-ARGR
Zumba Move Pleated Skort,XXL,Army Green,25.00,888562407396,Z1B000225 : Z1B000225-XXL-ARGR
Zumba Move High Waisted Laced Up Ankle Leggings,L,Bold Black,40.00,888562407617,Z1B000229 : Z1B000229-L-BBLK
Zumba Move High Waisted Laced Up Ankle Leggings,M,Bold Black,40.00,888562407600,Z1B000229 : Z1B000229-M-BBLK
Zumba Move High Waisted Laced Up Ankle Leggings,S,Bold Black,40.00,888562407594,Z1B000229 : Z1B000229-S-BBLK
Zumba Move High Waisted Laced Up Ankle Leggings,XS,Bold Black,35.00,888562407587,Z1B000229 : Z1B000229-XS-BBLK
Zumba With Pride High Waisted Biker Shorts,XS,Bold Black,20.00,888562403497,Z1B000235 : Z1B000235-XS-BBLK
Zumba Miami Loose Shorts,L,Denim,13.00,888562395440,Z1B000237 : Z1B000237-L-DENM
Zumba Miami Loose Shorts,M,Denim,10.00,888562395433,Z1B000237 : Z1B000237-M-DENM
Zumba Miami Loose Shorts,S,Denim,10.00,888562395426,Z1B000237 : Z1B000237-S-DENM
Zumba Miami Loose Shorts,XL,Denim,10.00,888562395457,Z1B000237 : Z1B000237-XL-DENM
Zumba Miami Loose Shorts,XS,Denim,10.00,888562395419,Z1B000237 : Z1B000237-XS-DENM
Zumba Miami Loose Shorts,XXL,Denim,10.00,888562395464,Z1B000237 : Z1B000237-XXL-DENM
Generation Zumba High Waisted Biker Shorts,S,Bold Black,20.00,888562406214,Z1B000279 : Z1B000279-S-BBLK
Generation Zumba High Waisted Biker Shorts,XS,Bold Black,20.00,888562406207,Z1B000279 : Z1B000279-XS-BBLK
Generation Zumba One Shoulder Bodysuit,XS,Bold Black,30.00,888562406320,Z1B000281 : Z1B000281-XS-BBLK
Zumba Move Tie-Dye High Waisted Ankle Leggings,M,Shocking Pink,40.00,888562409017,Z1B000282 : Z1B000282-M-SHKP
Zumba Move Tie-Dye High Waisted Ankle Leggings,XL,Shocking Pink,40.00,888562409031,Z1B000282 : Z1B000282-XL-SHKP
Zumba Move Tie-Dye High Waisted Ankle Leggings,L,Army Green,25.00,888562408362,Z1B000283 : Z1B000283-L-ARGR
Zumba Move Tie-Dye High Waisted Ankle Leggings,M,Army Green,25.00,888562408355,Z1B000283 : Z1B000283-M-ARGR
Zumba Move Tie-Dye High Waisted Ankle Leggings,S,Army Green,20.00,888562408348,Z1B000283 : Z1B000283-S-ARGR
Zumba Move Tie-Dye High Waisted Ankle Leggings,XL,Army Green,20.00,888562408379,Z1B000283 : Z1B000283-XL-ARGR
Zumba Move Tie-Dye High Waisted Ankle Leggings,XS,Army Green,25.00,888562408331,Z1B000283 : Z1B000283-XS-ARGR
Destination Zumba Flowy Shorts,L,Bold Black,25.00,888562414387,Z1B000297 : Z1B000297-L-BBLK
Destination Zumba Flowy Shorts,M,Bold Black,20.00,888562414370,Z1B000297 : Z1B000297-M-BBLK
Destination Zumba Flowy Shorts,S,Bold Black,20.00,888562414363,Z1B000297 : Z1B000297-S-BBLK
Destination Zumba Flowy Shorts,XL,Bold Black,20.00,888562414394,Z1B000297 : Z1B000297-XL-BBLK
Destination Zumba Flowy Shorts,XS,Bold Black,15.00,888562414356,Z1B000297 : Z1B000297-XS-BBLK
Destination Zumba Flowy Shorts,XXL,Bold Black,20.00,888562414400,Z1B000297 : Z1B000297-XXL-BBLK
Zumba Wild Crop Leggings,S,Bold Black,35.00,888562414547,Z1B000299 : Z1B000299-S-BBLK
Zumba Wild Crop Leggings,XS,Bold Black,35.00,888562414530,Z1B000299 : Z1B000299-XS-BBLK
Zumba Forever Cropped Tank,L,Periwinkle,13.00,888562392203,Z1T000270 : Z1T000270-L-PERI
Zumba Forever Cropped Tank,M,Periwinkle,10.00,888562392197,Z1T000270 : Z1T000270-M-PERI
Zumba Forever Cropped Tank,S,Periwinkle,10.00,888562392180,Z1T000270 : Z1T000270-S-PERI
Zumba Forever Cropped Tank,XL,Periwinkle,13.00,888562392210,Z1T000270 : Z1T000270-XL-PERI
Zumba Forever Cropped Tank,XS,Periwinkle,20.00,888562392173,Z1T000270 : Z1T000270-XS-PERI
Zumba Forever Cropped Tank,XXL,Periwinkle,10.00,888562392227,Z1T000270 : Z1T000270-XXL-PERI
Zumba Forever Racerback Bra,L,Bold Black,15.00,888562391091,Z1T000271 : Z1T000271-L-BBLK
Zumba Forever Racerback Bra,M,Bold Black,15.00,888562391084,Z1T000271 : Z1T000271-M-BBLK
Zumba Forever Racerback Bra,S,Bold Black,15.00,888562391077,Z1T000271 : Z1T000271-S-BBLK
Zumba Forever Racerback Bra,XS,Bold Black,15.00,888562391060,Z1T000271 : Z1T000271-XS-BBLK
Zumba Forever Mesh Muscle Tank,XL,Periwinkle,15.00,888562392272,Z1T000274 : Z1T000274-XL-PERI
Zumba Forever Cropped Top,L,Bold Black,20.00,888562391398,Z1T000276 : Z1T000276-L-BBLK
Zumba Forever High Neck Bra,L,Bold Black,20.00,888562392500,Z1T000281 : Z1T000281-L-BBLK
Zumba Forever High Neck Bra,L,Shocking Pink,15.00,888562392562,Z1T000281 : Z1T000281-L-SHKP
Zumba Forever High Neck Bra,M,Shocking Pink,15.00,888562392555,Z1T000281 : Z1T000281-M-SHKP
Zumba Forever High Neck Bra,S,Bold Black,15.00,888562392487,Z1T000281 : Z1T000281-S-BBLK
Zumba Forever Adjustable Bra,L,Caution,20.00,888562392623,Z1T000282 : Z1T000282-L-CTIN
Zumba Forever Adjustable Bra,S,Caution,20.00,888562392609,Z1T000282 : Z1T000282-S-CTIN
Zumba Forever Adjustable Bra,XL,Caution,15.00,888562392630,Z1T000282 : Z1T000282-XL-CTIN
Zumba Forever Adjustable Bra,XS,Caution,20.00,888562392593,Z1T000282 : Z1T000282-XS-CTIN
Zumba Forever Adjustable Bra,XXL,Caution,20.00,888562392647,Z1T000282 : Z1T000282-XXL-CTIN
Zumba Forever Crop Racerback,L,Bold Black,7.50,888562392685,Z1T000283 : Z1T000283-L-BBLK
Zumba Forever Crop Racerback,L,Cherry Red,7.50,888562392746,Z1T000283 : Z1T000283-L-CHRE
Zumba Forever Crop Racerback,M,Bold Black,7.50,888562392678,Z1T000283 : Z1T000283-M-BBLK
Zumba Forever Crop Racerback,XL,Bold Black,7.50,888562392692,Z1T000283 : Z1T000283-XL-BBLK
Zumba Forever Crop Racerback,XXL,Bold Black,7.50,888562392708,Z1T000283 : Z1T000283-XXL-BBLK
Zumba Tempo Tank,L,Bold Black,13.00,888562392869,Z1T000284 : Z1T000284-L-BBLK
Zumba Tempo Tank,L,Periwinkle,10.00,888562392807,Z1T000284 : Z1T000284-L-PERI
Zumba Tempo Tank,XL,Bold Black,13.00,888562392876,Z1T000284 : Z1T000284-XL-BBLK
Zumba Tempo Tank,XL,Periwinkle,13.00,888562392814,Z1T000284 : Z1T000284-XL-PERI
Zumba Rhythm Soul Crop Top,XL,Periwinkle,15.00,888562393293,Z1T000288 : Z1T000288-XL-PERI
Zumba Forever Long Sleeve Crop Top,L,Cherry Red,13.00,888562393583,Z1T000290 : Z1T000290-L-CHRE
Zumba Forever Long Sleeve Crop Top,L,Caution,20.00,888562393521,Z1T000290 : Z1T000290-L-CTIN
Zumba Forever Long Sleeve Crop Top,M,Cherry Red,15.00,888562393576,Z1T000290 : Z1T000290-M-CHRE
Zumba Forever Long Sleeve Crop Top,XL,Cherry Red,13.00,888562393590,Z1T000290 : Z1T000290-XL-CHRE
Zumba Forever Long Sleeve Crop Top,XL,Caution,15.00,888562393538,Z1T000290 : Z1T000290-XL-CTIN
Zumba Forever Long Sleeve Crop Top,XS,Cherry Red,20.00,888562393552,Z1T000290 : Z1T000290-XS-CHRE
Zumba Forever Mesh Crop Hoodie,L,Bold Black,15.00,888562393767,Z1T000292 : Z1T000292-L-BBLK
Zumba Forever Mesh Crop Hoodie,L,Shocking Pink,15.00,888562393828,Z1T000292 : Z1T000292-L-SHKP
Zumba Forever Mesh Crop Hoodie,XL,Bold Black,15.00,888562393774,Z1T000292 : Z1T000292-XL-BBLK
Zumba Forever Mesh Crop Hoodie,XXL,Bold Black,15.00,888562393781,Z1T000292 : Z1T000292-XXL-BBLK
Zumba Miami Button Down,L,Denim,25.00,888562393880,Z1T000293 : Z1T000293-L-DENM
Zumba Miami Button Down,M,Denim,25.00,888562393873,Z1T000293 : Z1T000293-M-DENM
For the Love of Zumba Bra,L,Bold Black,25.00,888562395532,Z1T000302 : Z1T000302-L-BBLK
For the Love of Zumba Bra,M,Bold Black,25.00,888562395525,Z1T000302 : Z1T000302-M-BBLK
For the Love of Zumba Bra,XL,Bold Black,25.00,888562395549,Z1T000302 : Z1T000302-XL-BBLK
Zumba Lovin' Crop Tank,L,Red Hot,10.00,888562395686,Z1T000304 : Z1T000304-L-REHO
Zumba Lovin' Crop Tank,M,Red Hot,13.00,888562395679,Z1T000304 : Z1T000304-M-REHO
Zumba Lovin' Crop Tank,S,Red Hot,13.00,888562395662,Z1T000304 : Z1T000304-S-REHO
Zumba Lovin' Crop Tank,XL,Red Hot,10.00,888562395693,Z1T000304 : Z1T000304-XL-REHO
Zumba Lovin' Crop Tank,XS,Red Hot,13.00,888562395655,Z1T000304 : Z1T000304-XS-REHO
Zumba Lovin' Crop Tank,XXL,Red Hot,10.00,888562395709,Z1T000304 : Z1T000304-XXL-REHO
Zumba Lovin' Boxy Crop Top,L,Red Hot,20.00,888562395808,Z1T000307 : Z1T000307-L-REHO
Zumba Lovin' Pullover Hoodie,L,Golden Sunset,15.00,888562395921,Z1T000309 : Z1T000309-L-GSUN
Zumba Lovin' Pullover Hoodie,M,Golden Sunset,20.00,888562395914,Z1T000309 : Z1T000309-M-GSUN
Zumba Lovin' Pullover Hoodie,S,Golden Sunset,15.00,888562395907,Z1T000309 : Z1T000309-S-GSUN
Zumba Lovin' Pullover Hoodie,XS,Golden Sunset,15.00,888562395891,Z1T000309 : Z1T000309-XS-GSUN
Destination Zumba Bra,L,Groovin' Green,13.00,888562399226,Z1T000310 : Z1T000310-L-GOGR
Destination Zumba Bra,L,Sea Me Stuntin',10.00,888562399165,Z1T000310 : Z1T000310-L-SEAS
Destination Zumba Bra,M,Groovin' Green,10.00,888562399219,Z1T000310 : Z1T000310-M-GOGR
Destination Zumba Bra,M,Sea Me Stuntin',13.00,888562399158,Z1T000310 : Z1T000310-M-SEAS
Destination Zumba Bra,S,Groovin' Green,10.00,888562399202,Z1T000310 : Z1T000310-S-GOGR
Destination Zumba Bra,S,Sea Me Stuntin',13.00,888562399141,Z1T000310 : Z1T000310-S-SEAS
Destination Zumba Bra,XL,Groovin' Green,10.00,888562399233,Z1T000310 : Z1T000310-XL-GOGR
Destination Zumba Bra,XL,Sea Me Stuntin',10.00,888562399172,Z1T000310 : Z1T000310-XL-SEAS
Destination Zumba Bra,XS,Groovin' Green,10.00,888562399196,Z1T000310 : Z1T000310-XS-GOGR
Destination Zumba Bra,XS,Sea Me Stuntin',13.00,888562399134,Z1T000310 : Z1T000310-XS-SEAS
Destination Zumba Bra,XXL,Groovin' Green,10.00,888562399240,Z1T000310 : Z1T000310-XXL-GOGR
Destination Zumba Bra,XXL,Sea Me Stuntin',10.00,888562399189,Z1T000310 : Z1T000310-XXL-SEAS
Zumba Tropics Zip Front Bra,L,Prism,25.00,888562396935,Z1T000311 : Z1T000311-L-PRSM
Zumba Tropics Zip Front Bra,L,Wear It Out White,20.00,888562396997,Z1T000311 : Z1T000311-L-WEOW
Zumba Tropics Zip Front Bra,M,Prism,25.00,888562396928,Z1T000311 : Z1T000311-M-PRSM
Zumba Tropics Zip Front Bra,M,Wear It Out White,15.00,888562396980,Z1T000311 : Z1T000311-M-WEOW
Zumba Tropics Zip Front Bra,S,Prism,25.00,888562396911,Z1T000311 : Z1T000311-S-PRSM
Zumba Tropics Zip Front Bra,S,Wear It Out White,13.00,888562396973,Z1T000311 : Z1T000311-S-WEOW
Zumba Tropics Zip Front Bra,XL,Prism,25.00,888562396942,Z1T000311 : Z1T000311-XL-PRSM
Zumba Tropics Zip Front Bra,XL,Wear It Out White,25.00,888562397000,Z1T000311 : Z1T000311-XL-WEOW
Zumba Tropics Zip Front Bra,XS,Prism,15.00,888562396904,Z1T000311 : Z1T000311-XS-PRSM
Zumba Tropics Zip Front Bra,XS,Wear It Out White,15.00,888562396966,Z1T000311 : Z1T000311-XS-WEOW
Zumba Tropics Zip Front Bra,XXL,Wear It Out White,25.00,888562397017,Z1T000311 : Z1T000311-XXL-WEOW
Destination Zumba Long Sleeve Crop Top,L,Bold Black,13.00,888562397956,Z1T000321 : Z1T000321-L-BBLK
Destination Zumba Long Sleeve Crop Top,M,Bold Black,13.00,888562397949,Z1T000321 : Z1T000321-M-BBLK
Destination Zumba Long Sleeve Crop Top,XL,Bold Black,13.00,888562397963,Z1T000321 : Z1T000321-XL-BBLK
Destination Zumba Long Sleeve Crop Top,XXL,Bold Black,13.00,888562397970,Z1T000321 : Z1T000321-XXL-BBLK
Destination Zumba Ultra Crop Top,XL,Bold Black,15.00,888562398083,Z1T000322 : Z1T000322-XL-BBLK
Zumba Tropics Button Down,S,Wear It Out White,25.00,888562397994,Z1T000323 : Z1T000323-S-WEOW
Zumba Fun And Happy Bra,L,Sea Me Stuntin',15.00,888562403916,Z1T000329 : Z1T000329-L-SEAS
Zumba Fun And Happy Bra,M,Sea Me Stuntin',13.00,888562403909,Z1T000329 : Z1T000329-M-SEAS
Zumba Fun And Happy Bra,S,Sea Me Stuntin',15.00,888562403893,Z1T000329 : Z1T000329-S-SEAS
Zumba Fun And Happy Bra,XS,Sea Me Stuntin',13.00,888562403886,Z1T000329 : Z1T000329-XS-SEAS
Zumba Fun And Happy Bra,XXL,Sea Me Stuntin',13.00,888562403930,Z1T000329 : Z1T000329-XXL-SEAS
Zumba Happy Lace Up Bra,L,Bold Black,13.00,888562403978,Z1T000330 : Z1T000330-L-BBLK
Zumba Happy Lace Up Bra,M,Bold Black,15.00,888562403961,Z1T000330 : Z1T000330-M-BBLK
Zumba Happy Lace Up Bra,S,Bold Black,15.00,888562403954,Z1T000330 : Z1T000330-S-BBLK
Zumba Happy Lace Up Bra,XL,Bold Black,13.00,888562403985,Z1T000330 : Z1T000330-XL-BBLK
Zumba Happy Lace Up Bra,XS,Bold Black,15.00,888562403947,Z1T000330 : Z1T000330-XS-BBLK
Zumba Happy Lace Up Bra,XXL,Bold Black,15.00,888562403992,Z1T000330 : Z1T000330-XXL-BBLK
Zumba Happy Crop Racerback,L,Red Hot,10.00,888562404098,Z1T000331 : Z1T000331-L-REHO
Zumba Happy Crop Racerback,M,Red Hot,7.50,888562404081,Z1T000331 : Z1T000331-M-REHO
Zumba Happy Crop Racerback,XL,Red Hot,7.50,888562404104,Z1T000331 : Z1T000331-XL-REHO
Zumba Happy Crop Racerback,XXL,Red Hot,7.50,888562404111,Z1T000331 : Z1T000331-XXL-REHO
Zumba Fun And Happy Crop Tank,L,Sea Me Stuntin',15.00,888562404210,Z1T000333 : Z1T000333-L-SEAS
Zumba All Day One Shoulder Crop Top,L,Red Hot,10.00,888562404630,Z1T000340 : Z1T000340-L-REHO
Zumba All Day One Shoulder Crop Top,M,Red Hot,15.00,888562404623,Z1T000340 : Z1T000340-M-REHO
Zumba All Day One Shoulder Crop Top,XL,Red Hot,10.00,888562404647,Z1T000340 : Z1T000340-XL-REHO
Zumba All Day One Shoulder Crop Top,XXL,Red Hot,10.00,888562404654,Z1T000340 : Z1T000340-XXL-REHO
Generation Zumba Cut-Out Crop Pullover Hoodie,L,Denim,20.00,888562404876,Z1T000343 : Z1T000343-L-DENM
Generation Zumba Cut-Out Crop Pullover Hoodie,M,Denim,20.00,888562404869,Z1T000343 : Z1T000343-M-DENM
Generation Zumba Cut-Out Crop Pullover Hoodie,S,Denim,20.00,888562404852,Z1T000343 : Z1T000343-S-DENM
Generation Zumba Cut-Out Crop Pullover Hoodie,XL,Denim,20.00,888562404883,Z1T000343 : Z1T000343-XL-DENM
Generation Zumba Cut-Out Crop Pullover Hoodie,XXL,Denim,20.00,888562404890,Z1T000343 : Z1T000343-XXL-DENM
Zumba In The Wild Crop Tank,XL,Shocking Pink,20.00,888562408737,Z1T000363 : Z1T000363-XL-SHKP
Zumba Move Mesh Pullover,L,Shocking Pink,20.00,888562408782,Z1T000371 : Z1T000371-L-SHKP
Zumba Move Mesh Pullover,M,Shocking Pink,25.00,888562408775,Z1T000371 : Z1T000371-M-SHKP
Zumba Move Mesh Pullover,S,Shocking Pink,25.00,888562408768,Z1T000371 : Z1T000371-S-SHKP
Zumba Move Mesh Pullover,XL,Shocking Pink,20.00,888562408799,Z1T000371 : Z1T000371-XL-SHKP
Zumba Move Mesh Pullover,XS,Shocking Pink,25.00,888562408751,Z1T000371 : Z1T000371-XS-SHKP
Zumba Move Mesh Pullover,XXL,Shocking Pink,25.00,888562408805,Z1T000371 : Z1T000371-XXL-SHKP
Zumba Move Mesh Pullover Hoodie,L,Army Green,30.00,888562407136,Z1T000372 : Z1T000372-L-ARGR
Zumba Move Mesh Pullover Hoodie,M,Army Green,30.00,888562407129,Z1T000372 : Z1T000372-M-ARGR
Zumba Move Mesh Pullover Hoodie,S,Army Green,30.00,888562407112,Z1T000372 : Z1T000372-S-ARGR
Zumba Move Mesh Pullover Hoodie,XL,Army Green,25.00,888562407143,Z1T000372 : Z1T000372-XL-ARGR
Zumba Move Mesh Pullover Hoodie,XS,Army Green,30.00,888562407105,Z1T000372 : Z1T000372-XS-ARGR
Zumba Move Mesh Pullover Hoodie,XXL,Army Green,30.00,888562407150,Z1T000372 : Z1T000372-XXL-ARGR
Zumba Move Sweatshirt,M,Shocking Pink,35.00,888562408836,Z1T000373 : Z1T000373-M-SHKP
Zumba Move Sweatshirt,S,Shocking Pink,35.00,888562408829,Z1T000373 : Z1T000373-S-SHKP
Zumba Move Sweatshirt,XS,Shocking Pink,35.00,888562408812,Z1T000373 : Z1T000373-XS-SHKP
Zumba With Pride Crop Tank,L,Bold Black,13.00,888562403404,Z1T000376 : Z1T000376-L-BBLK
Zumba With Pride Crop Tank,M,Bold Black,15.00,888562403398,Z1T000376 : Z1T000376-M-BBLK
Zumba With Pride Crop Tank,S,Bold Black,20.00,888562403381,Z1T000376 : Z1T000376-S-BBLK
Zumba With Pride Crop Tank,XS,Bold Black,15.00,888562403374,Z1T000376 : Z1T000376-XS-BBLK
Zumba With Pride Crop Tank,XXL,Bold Black,15.00,888562403428,Z1T000376 : Z1T000376-XXL-BBLK
Zumba Shake What Your Mama Gave Ya Top,S,Red Hot,20.00,888562404739,Z1T000380 : Z1T000380-S-REHO
Zumba Happy One Shoulder Bra,L,Red Hot,15.00,888562404036,Z1T000382 : Z1T000382-L-REHO
Zumba Dance All Day Bra,L,Bold Black,25.00,888562403855,Z1T000398 : Z1T000398-L-BBLK
Zumba Dance All Day Bra,M,Bold Black,25.00,888562403848,Z1T000398 : Z1T000398-M-BBLK
Zumba Dance All Day Bra,S,Bold Black,20.00,888562403831,Z1T000398 : Z1T000398-S-BBLK
Zumba Dance All Day Bra,XL,Bold Black,20.00,888562403862,Z1T000398 : Z1T000398-XL-BBLK
Zumba Dance All Day Bra,XS,Bold Black,20.00,888562403824,Z1T000398 : Z1T000398-XS-BBLK
Zumba Dance All Day Bra,XXL,Bold Black,20.00,888562403879,Z1T000398 : Z1T000398-XXL-BBLK
Generation Zumba Twist Front Crop Tank,L,Red Hot,10.00,888562406115,Z1T000442 : Z1T000442-L-REHO
Zumba Move Tie-Dye Bra,L,Shocking Pink,30.00,888562408607,Z1T000444 : Z1T000444-L-SHKP
Zumba Move Tie-Dye Bra,M,Shocking Pink,30.00,888562408591,Z1T000444 : Z1T000444-M-SHKP
Zumba Move Tie-Dye Bra,S,Shocking Pink,25.00,888562408584,Z1T000444 : Z1T000444-S-SHKP
Zumba Move Men’s Joggers,L,Cherry Red,30.00,888562395235,Z2B000023 : Z2B000023-L-CHRE
Zumba Move Men’s Joggers,S,Cherry Red,30.00,888562395211,Z2B000023 : Z2B000023-S-CHRE
Zumba Move Men’s Joggers,XL,Cherry Red,30.00,888562395242,Z2B000023 : Z2B000023-XL-CHRE
Zumba Move Men’s Joggers,XS,Cherry Red,30.00,888562395204,Z2B000023 : Z2B000023-XS-CHRE
Zumba Fiesta Shorts,M,Sea Me Stuntin',20.00,888562399455,Z2B000024 : Z2B000024-M-SEAS
Zumba Fiesta Shorts,XL,Sea Me Stuntin',20.00,888562399479,Z2B000024 : Z2B000024-XL-SEAS
Generation Zumba Men's Shorts,M,Red Hot,15.00,888562405835,Z2B000026 : Z2B000026-M-REHO
Generation Zumba Men's Shorts,S,Red Hot,20.00,888562405828,Z2B000026 : Z2B000026-S-REHO
Generation Zumba Men's Shorts,XL,Red Hot,15.00,888562405859,Z2B000026 : Z2B000026-XL-REHO
Generation Zumba Men's Shorts,XS,Red Hot,15.00,888562405811,Z2B000026 : Z2B000026-XS-REHO
Zumba With Pride Shorts,L,Rainbow,20.00,888562403770,Z2B000027 : Z2B000027-L-RAIN
Zumba With Pride Shorts,M,Rainbow,25.00,888562403763,Z2B000027 : Z2B000027-M-RAIN
Zumba With Pride Shorts,S,Rainbow,20.00,888562403756,Z2B000027 : Z2B000027-S-RAIN
Zumba With Pride Shorts,XL,Rainbow,20.00,888562403787,Z2B000027 : Z2B000027-XL-RAIN
Zumba With Pride Shorts,XS,Rainbow,20.00,888562403749,Z2B000027 : Z2B000027-XS-RAIN
Zumba Chillin' Shorts,M,Bold Black,20.00,888562408164,Z2B000028 : Z2B000028-M-BBLK
Zumba Chillin' Shorts,S,Bold Black,20.00,888562408157,Z2B000028 : Z2B000028-S-BBLK
Zumba Chillin' Shorts,XL,Bold Black,20.00,888562408188,Z2B000028 : Z2B000028-XL-BBLK
Zumba Forever Printed Men's Tank,M,Caution,15.00,888562395075,Z2T000022 : Z2T000022-M-CTIN
Zumba Move Men’s Short Sleeve Hoodie,M,Cherry Red,25.00,888562395129,Z2T000023 : Z2T000023-M-CHRE
Zumba Miami Men’s Pullover Sweatshirt,L,Bold Black,35.00,888562395037,Z2T000024 : Z2T000024-L-BBLK
Zumba Miami Men’s Pullover Sweatshirt,XL,Bold Black,35.00,888562395044,Z2T000024 : Z2T000024-XL-BBLK
Zumba Move Zip-Up Jacket,L,Bold Black,40.00,888562408126,Z2T000030 : Z2T000030-L-BBLK
Zumba Move Zip-Up Jacket,M,Bold Black,40.00,888562408119,Z2T000030 : Z2T000030-M-BBLK
Zumba Move Zip-Up Jacket,S,Bold Black,40.00,888562408102,Z2T000030 : Z2T000030-S-BBLK
Zumba Move Zip-Up Jacket,XL,Bold Black,40.00,888562408133,Z2T000030 : Z2T000030-XL-BBLK
Zumba Move Zip-Up Jacket,XS,Bold Black,40.00,888562408096,Z2T000030 : Z2T000030-XS-BBLK
Zumba Miami Long Sleeve Tee,M,Cherry Red,20.00,888562394924,Z3T000123 : Z3T000123-M-CHRE
Zumba Lovin' Long Sleeve Tee,L,Periwinkle,15.00,888562396379,Z3T000127 : Z3T000127-L-PERI
Zumba Lovin' Long Sleeve Tee,M,Periwinkle,13.00,888562396362,Z3T000127 : Z3T000127-M-PERI
Zumba Lovin' Long Sleeve Tee,S,Periwinkle,10.00,888562396355,Z3T000127 : Z3T000127-S-PERI
Zumba Lovin' Long Sleeve Tee,XL,Periwinkle,15.00,888562396386,Z3T000127 : Z3T000127-XL-PERI
Zumba Forever Zip-Up Jacket,L,Bold Black,35.00,888562392111,Z3T000132 : Z3T000132-L-BBLK
Zumba Forever Zip-Up Jacket,M,Bold Black,35.00,888562392104,Z3T000132 : Z3T000132-M-BBLK
Zumba Forever Zip-Up Jacket,S,Bold Black,40.00,888562392098,Z3T000132 : Z3T000132-S-BBLK
Zumba Forever Zip-Up Jacket,XS,Bold Black,35.00,888562392081,Z3T000132 : Z3T000132-XS-BBLK
Zumba Forever Oversized Track Jacket,L,Caution,30.00,888562394986,Z3T000133 : Z3T000133-L-CTIN
Zumba Forever Oversized Track Jacket,M,Caution,30.00,888562394979,Z3T000133 : Z3T000133-M-CTIN
Zumba Forever Oversized Track Jacket,S,Caution,40.00,888562394962,Z3T000133 : Z3T000133-S-CTIN
Zumba Forever Oversized Track Jacket,XL,Caution,35.00,888562394993,Z3T000133 : Z3T000133-XL-CTIN
Zumba Forever Oversized Track Jacket,XS,Caution,40.00,888562394955,Z3T000133 : Z3T000133-XS-CTIN
Zumba Fun And Happy Long Sleeve Tee,L,Sea Me Stuntin',10.00,888562405644,Z3T000137 : Z3T000137-L-SEAS
Zumba Fun And Happy Long Sleeve Tee,S,Sea Me Stuntin',10.00,888562405620,Z3T000137 : Z3T000137-S-SEAS
Zumba Fun And Happy Long Sleeve Tee,XL,Sea Me Stuntin',13.00,888562405651,Z3T000137 : Z3T000137-XL-SEAS
Zumba Fun And Happy Long Sleeve Tee,XS,Sea Me Stuntin',15.00,888562405613,Z3T000137 : Z3T000137-XS-SEAS
Zumba Fun And Happy Zip-Up Track Jacket,M,Sea Me Stuntin',20.00,888562405521,Z3T000138 : Z3T000138-M-SEAS
Zumba Fun And Happy Zip-Up Track Jacket,XS,Sea Me Stuntin',20.00,888562405507,Z3T000138 : Z3T000138-XS-SEAS
Zumba Move Tee,M/L,Wear It Out White,20.00,888562407891,Z3T000142 : Z3T000142-M/L-WEOW
Zumba Move Tee,XL/XXL,Wear It Out White,20.00,888562407907,Z3T000142 : Z3T000142-XL/XXL-WEOW
Zumba Move Tee,XS/S,Wear It Out White,20.00,888562407884,Z3T000142 : Z3T000142-XS/S-WEOW
Zumba Wild Long Sleeve Tee,S,Army Green,15.00,888562407952,Z3T000144 : Z3T000144-S-ARGR
Zumba Wild Long Sleeve Tee,XS,Army Green,20.00,888562407945,Z3T000144 : Z3T000144-XS-ARGR
Zumba With Pride Tee,XS/S,Wear It Out White,15.00,888562403619,Z3T000147 : Z3T000147-XS/S-WEOW
Zumba Swim One-Piece,S,Prism,35.00,888562419818,Z1B000301 : Z1B000301-S-PRSM
Zumba Swim One-Piece,XS,Prism,20.00,888562419801,Z1B000301 : Z1B000301-XS-PRSM
Zumba Swim Shorts,M,Bold Black,25.00,888562420067,Z2B000034 : Z2B000034-M-BBLK
Zumba Swim Shorts,S,Bold Black,30.00,888562420050,Z2B000034 : Z2B000034-S-BBLK
Zumba Swim Shorts,XL,Bold Black,30.00,888562420081,Z2B000034 : Z2B000034-XL-BBLK
STRONG iD Heat Map Tee,XL/XXL,Really Red-y,25.00,888562423280,S3T000003 : S3T000003-XL/XXL-REAR
Zumba X Crayola Dance Outside The Lines Biker Shorts,XS,Bold Black,35.00,888562413472,Z1B000241 : Z1B000241-XS-BBLK
Roller Glam High Waisted Biker Shorts,XL,Sunflower,25.00,888562411102,Z1B000250 : Z1B000250-XL-SUFL
Roller Glam High Waisted Biker Shorts,XXL,Sunflower,25.00,888562411119,Z1B000250 : Z1B000250-XXL-SUFL
Zumba Since 2001 High Waisted Loose Shorts,XL,Get in Lime,20.00,888562416688,Z1B000268 : Z1B000268-XL-GILM
Zumba Since 2001 High Waisted Loose Shorts,XXL,Get in Lime,20.00,888562416695,Z1B000268 : Z1B000268-XXL-GILM
Zumba Since 2001 High Waisted Ankle Leggings,S,Bold Black,35.00,888562417074,Z1B000273 : Z1B000273-S-BBLK
Zumba Transform High Waisted Slashed Ankle Leggings,L,Totally Turquoise,35.00,888562426144,Z1B000291 : Z1B000291-L-TOTU
Zumba Transform High Waisted Slashed Ankle Leggings,M,Totally Turquoise,50.00,888562426137,Z1B000291 : Z1B000291-M-TOTU
Zumba Transform High Waisted Slashed Ankle Leggings,XL,Totally Turquoise,35.00,888562426151,Z1B000291 : Z1B000291-XL-TOTU
Zumba Transform High Waisted Slashed Ankle Leggings,XXL,Totally Turquoise,40.00,888562426168,Z1B000291 : Z1B000291-XXL-TOTU
Zumba Ruched High Waisted Bootcut Leggings,L,Bold Black,50.00,888562426205,Z1B000292 : Z1B000292-L-BBLK
Zumba Ruched High Waisted Bootcut Leggings,M,Bold Black,50.00,888562426199,Z1B000292 : Z1B000292-M-BBLK
Zumba Ruched High Waisted Bootcut Leggings,XL,Bold Black,40.00,888562426212,Z1B000292 : Z1B000292-XL-BBLK
Zumba Ruched High Waisted Bootcut Leggings,XXL,Bold Black,50.00,888562426229,Z1B000292 : Z1B000292-XXL-BBLK
Move Dream Shine High Waisted Ankle Leggings,XS,Bold Black,35.00,888562411423,Z1B000306 : Z1B000306-XS-BBLK
Move Dream Shine Sequin Shorts,L,Bold Black,35.00,888562411270,Z1B000307 : Z1B000307-L-BBLK
Move Dream Shine Sequin Shorts,M,Bold Black,30.00,888562411263,Z1B000307 : Z1B000307-M-BBLK
Move Dream Shine Sequin Shorts,XL,Bold Black,30.00,888562411287,Z1B000307 : Z1B000307-XL-BBLK
Move Dream Shine Sequin Shorts,XXL,Bold Black,20.00,888562411294,Z1B000307 : Z1B000307-XXL-BBLK
Zumba Worldwide High Waisted Skort,S,Bold Black,40.00,888562429367,Z1B000308 : Z1B000308-S-BBLK
Zumba Worldwide High Waisted Skort,XS,Bold Black,35.00,888562429350,Z1B000308 : Z1B000308-XS-BBLK
ZW Society High Waisted Panel Ankle Leggings,L,Bold Black,50.00,888562429688,Z1B000313 : Z1B000313-L-BBLK
Put The Art In Heart High Waisted Crop Leggings,XS,Bold Black,35.00,888562420432,Z1B000328 : Z1B000328-XS-BBLK
Zumba X Crayola Dance In Color Tank,S,Keep Moving Forward,20.00,888562412826,Z1T000385 : Z1T000385-S-KEMF
Zumba X Crayola Dance Outside The Lines Tank,L,Spring into Action,15.00,888562412963,Z1T000387 : Z1T000387-L-SPAC
Zumba X Crayola Dance Outside The Lines Tank,XL,Spring into Action,15.00,888562412970,Z1T000387 : Z1T000387-XL-SPAC
Zumba X Crayola Color The Dance Floor Mesh Top,L,Spring into Action,25.00,888562413144,Z1T000390 : Z1T000390-L-SPAC
Zumba X Crayola Color The Dance Floor Mesh Top,XL,Spring into Action,20.00,888562413151,Z1T000390 : Z1T000390-XL-SPAC
Zumba X Crayola Dance In Color Long Sleeve Top,L,Bold Black,25.00,888562413205,Z1T000391 : Z1T000391-L-BBLK
Zumba X Crayola Dance In Color Long Sleeve Top,XL,Bold Black,30.00,888562413212,Z1T000391 : Z1T000391-XL-BBLK
Zumba X Crayola Color With Kindness Sweatshirt,L,The Whole Box,40.00,888562413328,Z1T000394 : Z1T000394-L-THWB
Glow With The Flow Tank,L,Burgundy,13.00,888562409536,Z1T000401 : Z1T000401-L-BGY
Glow With The Flow Tank,M,Burgundy,15.00,888562409529,Z1T000401 : Z1T000401-M-BGY
Glow With The Flow Tank,XL,Burgundy,10.00,888562409543,Z1T000401 : Z1T000401-XL-BGY
Glow With The Flow Tank,XXL,Burgundy,13.00,888562409550,Z1T000401 : Z1T000401-XXL-BGY
Zumba Skate Crew One Shoulder Bra,L,Slate Purple,25.00,888562409475,Z1T000402 : Z1T000402-L-SLPU
Zumba Skate Crew One Shoulder Bra,M,Slate Purple,35.00,888562409468,Z1T000402 : Z1T000402-M-SLPU
Zumba Skate Crew One Shoulder Bra,XL,Slate Purple,20.00,888562409482,Z1T000402 : Z1T000402-XL-SLPU
Zumba Skate Crew One Shoulder Bra,XXL,Slate Purple,25.00,888562409499,Z1T000402 : Z1T000402-XXL-SLPU
Zumba Move Mesh Tank,XS,Sunflower,25.00,888562409925,Z1T000407 : Z1T000407-XS-SUFL
Zumba Roller Derby Team Crop Tee,L,Bold Black,20.00,888562410259,Z1T000410 : Z1T000410-L-BBLK
Zumba Roller Derby Team Crop Tee,L,Wear It Out White,15.00,888562410310,Z1T000410 : Z1T000410-L-WEOW
Zumba Roller Derby Team Crop Tee,M,Wear It Out White,25.00,888562410303,Z1T000410 : Z1T000410-M-WEOW
Zumba Roller Derby Team Crop Tee,XL,Bold Black,20.00,888562410266,Z1T000410 : Z1T000410-XL-BBLK
Zumba Roller Derby Team Crop Tee,XL,Wear It Out White,15.00,888562410327,Z1T000410 : Z1T000410-XL-WEOW
Zumba Roller Derby Team Crop Tee,XXL,Wear It Out White,15.00,888562410334,Z1T000410 : Z1T000410-XXL-WEOW
Zumba Move Boxy Top,XL,Sunflower,25.00,888562410501,Z1T000413 : Z1T000413-XL-SUFL
Glow With The Flow Half Zip Crop Pullover,L,Bold Black,25.00,888562410853,Z1T000414 : Z1T000414-L-BBLK
Zumba Roller Derby Team Pullover Sweatshirt,S,Bold Black,25.00,888562410952,Z1T000415 : Z1T000415-S-BBLK
Zumba Roller Derby Boxy Top,L,Burgundy,15.00,888562410556,Z1T000418 : Z1T000418-L-BGY
Zumba Roller Derby Boxy Top,XL,Burgundy,20.00,888562410563,Z1T000418 : Z1T000418-XL-BGY
Glow With The Flow Long Sleeve Crop Top,XL,Sunflower,7.50,888562410808,Z1T000421 : Z1T000421-XL-SUFL
Creatives Unite Scoop Bra,XL,Get in Lime,25.00,888562415056,Z1T000423 : Z1T000423-XL-GILM
Creatives Unite Crop Racerback,L,Bold Black,15.00,888562415162,Z1T000424 : Z1T000424-L-BBLK
Creatives Unite Crop Racerback,L,CHA-CHA Cherry,10.00,888562415223,Z1T000424 : Z1T000424-L-CHAC
Creatives Unite Crop Racerback,M,CHA-CHA Cherry,13.00,888562415216,Z1T000424 : Z1T000424-M-CHAC
Creatives Unite Crop Racerback,XL,Bold Black,10.00,888562415179,Z1T000424 : Z1T000424-XL-BBLK
Creatives Unite Crop Racerback,XL,CHA-CHA Cherry,10.00,888562415230,Z1T000424 : Z1T000424-XL-CHAC
Creatives Unite Crop Racerback,XXL,Bold Black,7.50,888562415186,Z1T000424 : Z1T000424-XXL-BBLK
Creatives Unite Crop Racerback,XXL,CHA-CHA Cherry,7.50,888562415247,Z1T000424 : Z1T000424-XXL-CHAC
Dance Floor Is my Canvas Crop Top,XL,Bold Black,13.00,888562415902,Z1T000429 : Z1T000429-XL-BBLK
Dance Floor Is my Canvas Crop Top,XXL,Bold Black,13.00,888562415919,Z1T000429 : Z1T000429-XXL-BBLK
Zumba Since 2001 Crop Top,L,Bold Black,20.00,888562416138,Z1T000431 : Z1T000431-L-BBLK
Zumba Since 2001 Crop Top,XL,Bold Black,20.00,888562416145,Z1T000431 : Z1T000431-XL-BBLK
Creatives Unite Long Sleeve Mesh Top,L,Get in Lime,25.00,888562416435,Z1T000435 : Z1T000435-L-GILM
Creatives Unite Long Sleeve Mesh Top,XL,Get in Lime,20.00,888562416442,Z1T000435 : Z1T000435-XL-GILM
Creatives Unite Long Sleeve Mesh Top,XXL,Get in Lime,20.00,888562416459,Z1T000435 : Z1T000435-XXL-GILM
Zumba Free To Create Tank,S,Flamingo,20.00,888562415391,Z1T000440 : Z1T000440-S-FLMO
Zumba Transform Crop Top,XL,Bold Black,25.00,888562425017,Z1T000454 : Z1T000454-XL-BBLK
Dance Breathe Repeat Top,S,Orchid in Bloom,25.00,888562425048,Z1T000455 : Z1T000455-S-ORCB
Zumba Transform Mesh Top,L,Bold Black,35.00,888562425246,Z1T000457 : Z1T000457-L-BBLK
Zumba Transform Mesh Top,L,Caution,30.00,888562425185,Z1T000457 : Z1T000457-L-CTIN
Zumba Transform Mesh Top,M,Caution,35.00,888562425178,Z1T000457 : Z1T000457-M-CTIN
Zumba Transform Mesh Top,S,Caution,35.00,888562425161,Z1T000457 : Z1T000457-S-CTIN
Zumba Transform Mesh Top,XL,Caution,30.00,888562425192,Z1T000457 : Z1T000457-XL-CTIN
Zumba Transform Long Sleeve Crop Top,L,Bold Black,25.00,888562425307,Z1T000458 : Z1T000458-L-BBLK
Zumba Transform Long Sleeve Crop Top,XL,Bold Black,20.00,888562425314,Z1T000458 : Z1T000458-XL-BBLK
Zumba Transform Long Sleeve Crop Top,XXL,Bold Black,25.00,888562425321,Z1T000458 : Z1T000458-XXL-BBLK
Zumba Butterfly Crop Tank,XL,Wildflower,13.00,888562424539,Z1T000473 : Z1T000473-XL-WILD
Free To Belong Bra,L,Gumball,30.00,888562428360,Z1T000486 : Z1T000486-L-GMBL
Free To Belong Bra,XL,Caution,30.00,888562428315,Z1T000486 : Z1T000486-XL-CTIN
Free To Belong Bra,XL,Gumball,30.00,888562428377,Z1T000486 : Z1T000486-XL-GMBL
Zumba Graphic V-Neck Top,L,Deep Pink,25.00,888562428902,Z1T000494 : Z1T000494-L-DPNK
Zumba Graphic V-Neck Top,M,Deep Pink,25.00,888562428896,Z1T000494 : Z1T000494-M-DPNK
Zumba Graphic V-Neck Top,XL,Deep Pink,25.00,888562428919,Z1T000494 : Z1T000494-XL-DPNK
ZW Society Crop Top,XL,Bold Black,20.00,888562428971,Z1T000495 : Z1T000495-XL-BBLK
ZW Varsity Long Sleeve Mesh Bodysuit,M,Multi,35.00,888562429077,Z1T000497 : Z1T000497-M-MULT
ZW Varsity Long Sleeve Mesh Bodysuit,S,Multi,35.00,888562429060,Z1T000497 : Z1T000497-S-MULT
ZW Varsity Long Sleeve Mesh Bodysuit,XS,Multi,35.00,888562429053,Z1T000497 : Z1T000497-XS-MULT
ZW Varsity Long Sleeve Top,XL,Slate Purple,25.00,888562429152,Z1T000500 : Z1T000500-XL-SLPU
Free To Belong Long Sleeve Crop Top,L,Gumball,30.00,888562429268,Z1T000501 : Z1T000501-L-GMBL
Free To Belong Long Sleeve Crop Top,M,Gumball,40.00,888562429251,Z1T000501 : Z1T000501-M-GMBL
Free To Belong Long Sleeve Crop Top,S,Gumball,40.00,888562429244,Z1T000501 : Z1T000501-S-GMBL
Free To Belong Long Sleeve Crop Top,XS,Gumball,35.00,888562429237,Z1T000501 : Z1T000501-XS-GMBL
ZW Party Boxy Crop Top,L,Cherry Red,30.00,888562427431,Z1T000520 : Z1T000520-L-CHRE
ZW Party Boxy Crop Top,XL,Cherry Red,30.00,888562427448,Z1T000520 : Z1T000520-XL-CHRE
Zumba Free To Create Mesh Top,L,Seaside Surf,25.00,888562420340,Z1T000526 : Z1T000526-L-SSUR
Zumba Free To Create Mesh Top,S,Seaside Surf,25.00,888562420326,Z1T000526 : Z1T000526-S-SSUR
Creatives Unite V-Neck Top,S,CHA-CHA Cherry,20.00,888562420388,Z1T000527 : Z1T000527-S-CHAC
Zumba Shine Button Down,M,Denim,35.00,888562422207,Z1T000558 : Z1T000558-M-DENM
Zumba Shine Button Down,S,Denim,35.00,888562422191,Z1T000558 : Z1T000558-S-DENM
Zumba Butterfly Bra,L,Bold Black,30.00,888562426953,Z1T000568 : Z1T000568-L-BBLK
Zumba Butterfly Bra,XL,Bold Black,30.00,888562426960,Z1T000568 : Z1T000568-XL-BBLK
Zumba Skate Crew Shorts,M,Burgundy,20.00,888562412550,Z2B000031 : Z2B000031-M-BGY
Zumba Skate Crew Shorts,XL,Burgundy,20.00,888562412574,Z2B000031 : Z2B000031-XL-BGY
Free To Create Mesh Shorts,M,Multi,30.00,888562417593,Z2B000035 : Z2B000035-M-MULT
Free To Create Mesh Shorts,XL,Multi,20.00,888562417616,Z2B000035 : Z2B000035-XL-MULT
Break Out Break Free Jogger Sweatpants,XS,Bold Black,40.00,888562426762,Z2B000037 : Z2B000037-XS-BBLK
ZW Society Shorts,M,Multi,30.00,888562428186,Z2B000039 : Z2B000039-M-MULT
ZW Society Shorts,XL,Multi,25.00,888562428209,Z2B000039 : Z2B000039-XL-MULT
Zumba Since 2001 Short Sleeve Hoodie,M,Bold Black,25.00,888562417548,Z2T000037 : Z2T000037-M-BBLK
Zumba Since 2001 Short Sleeve Hoodie,S,Bold Black,20.00,888562417531,Z2T000037 : Z2T000037-S-BBLK
Zumba Since 2001 Short Sleeve Hoodie,XS,Bold Black,20.00,888562417524,Z2T000037 : Z2T000037-XS-BBLK
Break Out Break Free Mesh Tank,L,Caution,25.00,888562426748,Z2T000039 : Z2T000039-L-CTIN
Break Out Break Free Mesh Tank,M,Caution,25.00,888562426731,Z2T000039 : Z2T000039-M-CTIN
Break Out Break Free Mesh Tank,S,Caution,25.00,888562426724,Z2T000039 : Z2T000039-S-CTIN
Break Out Break Free Mesh Tank,XS,Caution,25.00,888562426717,Z2T000039 : Z2T000039-XS-CTIN
Zumba Move Tee,M/L,Wear It Out White,15.00,888562412215,Z3T000160 : Z3T000160-M/L-WEOW
Zumba Move Tee,XL/XXL,Wear It Out White,15.00,888562412222,Z3T000160 : Z3T000160-XL/XXL-WEOW
Zumba Move Tee,XS/S,Wear It Out White,15.00,888562412208,Z3T000160 : Z3T000160-XS/S-WEOW
Zumba Transform Zip-Up Jacket,XS,Bold Black,50.00,888562426410,Z3T000170 : Z3T000170-XS-BBLK
Break Out Break Free Tee,XL/XXL,Cloudy Day,20.00,888562426496,Z3T000171 : Z3T000171-XL/XXL-CLOU
Break Out Break Free Tee,XS/S,Cloudy Day,20.00,888562426472,Z3T000171 : Z3T000171-XS/S-CLOU
Zumba Swim Solid One-Piece,M,Bold Black,35.00,888562430356,Z1B000409 : Z1B000409-M-BBLK
Zumba Swim Solid One-Piece,S,Bold Black,20.00,888562430318,Z1B000409 : Z1B000409-S-BBLK
Zumba Swim Solid One-Piece,XS,Bold Black,20.00,888562430301,Z1B000409 : Z1B000409-XS-BBLK
Break Out Break Free Mesh Top,L,Totally Turquoise,35.00,888562441840,Z1T000456 : Z1T000456-L-TOTU
Break Out Break Free Mesh Top,XL,Totally Turquoise,35.00,888562441857,Z1T000456 : Z1T000456-XL-TOTU
Zumba X Peanuts Ringer Tee,XS,Wear It Out White,35.00,888562430721,Z1T000627 : Z1T000627-XS-WEOW
Zumba X Peanuts Ringer Tee,S,Wear It Out White,35.00,888562430738,Z1T000627 : Z1T000627-S-WEOW
Zumba X Peanuts Ringer Tee,M,Wear It Out White,35.00,888562430745,Z1T000627 : Z1T000627-M-WEOW
Zumba X Peanuts Ringer Tee,L,Wear It Out White,35.00,888562430752,Z1T000627 : Z1T000627-L-WEOW
Zumba X Peanuts Printed Tee,XS/S,Wear It Out White,25.00,888562431322,Z3T000213 : Z3T000213-XS/S-WEOW
Zumba X Peanuts Printed Tee,M/L,Wear It Out White,25.00,888562431339,Z3T000213 : Z3T000213-M/L-WEOW
Zumba X Peanuts Printed Tee,XL/XXL,Wear It Out White,25.00,888562431346,Z3T000213 : Z3T000213-XL/XXL-WEOW
Zumba X Peanuts Button Down,S,Viva La Red,40.00,888562430851,Z1T000629 : Z1T000629-S-VILR
Zumba X Peanuts High Waisted Biker Shorts,XS,Viva La Red,40.00,888562431025,Z1B000389 : Z1B000389-XS-VILR
Zumba X Peanuts High Waisted Biker Shorts,S,Viva La Red,40.00,888562431032,Z1B000389 : Z1B000389-S-VILR
Zumba X Peanuts High Waisted Biker Shorts,L,Viva La Red,40.00,888562431056,Z1B000389 : Z1B000389-L-VILR
Zumba X Peanuts High Waisted Biker Shorts,XXL,Viva La Red,40.00,888562431070,Z1B000389 : Z1B000389-XXL-VILR
Zumba X Peanuts High Neck Crop Tank,S,Viva La Red,35.00,888562430493,Z1T000622 : Z1T000622-S-VILR
Zumba X Peanuts High Neck Crop Tank,L,Viva La Red,35.00,888562430516,Z1T000622 : Z1T000622-L-VILR
Zumba X Peanuts High Neck Crop Tank,XL,Viva La Red,35.00,888562430523,Z1T000622 : Z1T000622-XL-VILR
Zumba X Peanuts High Neck Crop Tank,XXL,Viva La Red,35.00,888562430530,Z1T000622 : Z1T000622-XXL-VILR
Zumba X Peanuts Sleep Shirt,M,Viva La Red,35.00,888562430806,Z1T000628 : Z1T000628-M-VILR
Zumba X Peanuts Sleep Shirt,S,Viva La Red,35.00,888562430790,Z1T000628 : Z1T000628-S-VILR
Zumba Upbeat Essentials Cargo Pants,XXL,Orange You Hot,50.00,888562433289,Z1B000338 : Z1B000338-XXL-ORYH
Zumba Upbeat Essentials Cargo Pants,XXL,Sunny Daze,50.00,888562433517,Z1B000338 : Z1B000338-XXL-SUND
Zumba Vibrant Bra,XXL,Bold Black,40.00,888562431964,Z1T000532 : Z1T000532-XXL-BBLK
Zumba Vibrant Muscle Tank,XXL,Bold Black,25.00,888562432329,Z1T000535 : Z1T000535-XXL-BBLK
Zumba Palm Party High Waisted Ankle Legging,XL,Bold Black,40.00,888562435009,Z1B000341 : Z1B000341-XL-BBLK
Zumba Beach Bash Front Tie Tee,XS,Bold Black,15.00,888562434545,Z1T000550 : Z1T000550-XS-BBLK
Zumba Beach Bash Tee,XS/S,Bold Black,25.00,888562435504,Z3T000197 : Z3T000197-XS/S-BBLK
Retro Zumba Track Pants,XXL,Bold Black,50.00,888562441499,Z1B000364 : Z1B000364-XXL-BBLK
Retro Beat Muscle Tank,XL,Bold Black,25.00,888562440041,Z1T000582 : Z1T000582-XL-BBLK
Zumba Fired Up Loose Tank,S,Seaside Surf,25.00,888562447880,Z1T000646 : Z1T000646-S-SSUR
Zumba Fired Up Loose Tank,XS,Seaside Surf,25.00,888562447873,Z1T000646 : Z1T000646-XS-SSUR
Zumba Too Cool Mesh Top,L,Get in Lime,40.00,888562448320,Z1T000649 : Z1T000649-L-GILM
Zumba Too Cool Mesh Top,XL,Get in Lime,40.00,888562448337,Z1T000649 : Z1T000649-XL-GILM
Zumba Too Cool Top,XL,Wear It Out White,35.00,888562448429,Z1T000651 : Z1T000651-XL-WEOW
Zumba Too Cool Top,XXL,Wear It Out White,35.00,888562448436,Z1T000651 : Z1T000651-XXL-WEOW
Fierce And Fired Up Tee,XL/XXL,Wear It Out White,25.00,888562449303,Z3T000220 : Z3T000220-XL/XXL-WEOW
Zumba Animal Expedition High Waisted Biker Shorts,XL,Pampas Tan,40.00,888562445428,Z1B000369 : Z1B000369-XL-PAMP
Zumba Animal Expedition High Waisted Biker Shorts,XXL,Pampas Tan,40.00,888562445435,Z1B000369 : Z1B000369-XXL-PAMP
Zumba Animal Expedition High Waisted Ankle Leggings,XXL,Pampas Tan,50.00,888562445619,Z1B000373 : Z1B000373-XXL-PAMP
Zumba Animal Expedition Cargo Pants,XXL,Pampas Tan,50.00,888562449686,Z1B000463 : Z1B000463-XXL-PAMP
Zumba Tropidelic Reversible Bra,XXL,Multi,40.00,888562444117,Z1T000593 : Z1T000593-XXL-MULT
Zumba Tropidelic Muscle Tank,XXL,Wear It Out White,30.00,888562444773,Z1T000601 : Z1T000601-XXL-WEOW
Zumba Animal Expedition Long Sleeve Crop Top,XXL,Pampas Tan,40.00,888562445015,Z1T000606 : Z1T000606-XXL-PAMP
Zumba Tropidelic Mesh Shorts,XL,Multi,40.00,888562445992,Z2B000046 : Z2B000046-XL-MULT
No Judgement Just Joy High Waisted Crop Leggings,XL,Wear It Out White,40.00,888562446517,Z1B000388 : Z1B000388-XL-WEOW
No Judgement Just Joy High Waisted Crop Leggings,XXL,Wear It Out White,40.00,888562446524,Z1B000388 : Z1B000388-XXL-WEOW
Zumba Joy Tank,XL,Wear It Out White,35.00,888562446159,Z1T000613 : Z1T000613-XL-WEOW
Zumba Joy Tank,XXL,Wear It Out White,35.00,888562446166,Z1T000613 : Z1T000613-XXL-WEOW
Zumba Unite Tee,XL/XXL,Wear It Out White,25.00,888562446555,Z3T000211 : Z3T000211-XL/XXL-WEOW
I Love Zumba Unisex Tee,XS/S,Wear It Out White,25.00,888562459067,Z3T000258 : Z3T000258-XS/S-WEOW
ZW X GW Mock Neck Woven Cargo Jumpsuit,XS,Olive You,50.00,888562460087,Z1B000511 : Z1B000511-XS-OLYU
ZW X GW Mock Neck Woven Cargo Jumpsuit,S,Olive You,50.00,888562460094,Z1B000511 : Z1B000511-S-OLYU
Zumba Prep High Waist Flared Sweatpants,XL,Very Verde,50.00,888562454314,Z1B000429 : Z1B000429-XL-VERV
Zumba Prep High Waist Flared Sweatpants,XXL,Very Verde,50.00,888562454321,Z1B000429 : Z1B000429-XXL-VERV
Zumba Prep Men's Pullover Sweatshirt,XS,Very Verde,40.00,888562454772,Z2T000053 : Z2T000053-XS-VERV
Zumba Prep Men's Pullover Sweatshirt,S,Very Verde,40.00,888562454789,Z2T000053 : Z2T000053-S-VERV
Strong ID Electric High Waisted Biker Shorts With Pockets,S,Bold Black,40.00,888562462340,S1B000054 : S1B000054-S-BBLK
Strong ID Electric High Waisted Biker Shorts With Pockets,XL,Bold Black,40.00,888562462371,S1B000054 : S1B000054-XL-BBLK
Strong ID Electric Fitted Short Sleeve Top,S,Bold Black,35.00,888562437676,S1T000067 : S1T000067-S-BBLK
Strong ID Electric Fitted Short Sleeve Top,XS,Bold Black,35.00,888562437669,S1T000067 : S1T000067-XS-BBLK
Strong ID Electric Men's Wide Shoulder Tank,XL,Blue Lightning,30.00,888562462555,S2T000016 : S2T000016-XL-BLLI
Zumba Prep High Waisted Ankle Leggings - Very Verde,S,Very Verde,50.00,888562453928,Z1B000423 : Z1B000423-S-VERV
Zumba Prep High Waisted Ankle Leggings - Very Verde,XS,Very Verde,50.00,888562453911,Z1B000423 : Z1B000423-XS-VERV
Zumba Prep Crop Tank With Shelf Bra,XXL,Very Verde,35.00,888562451689,Z1T000671 : Z1T000671-XXL-VERV
ZW X GW Extended Shoulder Loose Tank,XL,Wear It Out White,35.00,888562459555,Z1T000791 : Z1T000791-XL-WEOW
ZW X GW Extended Shoulder Loose Tank,XXL,Wear It Out White,35.00,888562459562,Z1T000791 : Z1T000791-XXL-WEOW
ZW X GW Men's Mesh Short With Bottom Trim,L,Bold Black,50.00,888562460469,Z2B000064 : Z2B000064-L-BBLK
ZW X GW Men's Mesh Short With Bottom Trim,S,Bold Black,50.00,888562460445,Z2B000064 : Z2B000064-S-BBLK
ZW X GW Unisex Oversized Crew Neck Top,S,Bold Black,50.00,888562460155,Z3T000260 : Z3T000260-S-BBLK
ZW X GW Unisex Oversized Crew Neck Top,XS,Bold Black,50.00,888562460148,Z3T000260 : Z3T000260-XS-BBLK
